{
  "problem_id": "01_hubbard",
  "runs": 5,
  "timestamp": "2026-03-25T15:12:33.661676+00:00",
  "metrics": {
    "vqe_energy": {
      "values": [
        -0.828125,
        -0.78125,
        -0.734375,
        -0.46875,
        -0.5078125
      ],
      "mean": -0.6640625,
      "std_dev": 0.16443410296757177,
      "std_error": 0.07353716641093808,
      "min": -0.828125,
      "max": -0.46875,
      "n": 5
    }
  }
}