{
  "problem_id": "06_high_frequency_trading",
  "runs": 3,
  "timestamp": "2026-03-25T15:52:11.977612+00:00",
  "metrics": {
    "quantum_var": {
      "values": [
        0.9609375,
        0.9453125,
        0.94921875
      ],
      "mean": 0.9518229166666666,
      "std_dev": 0.00813150781041458,
      "std_error": 0.004694728223260403,
      "min": 0.9453125,
      "max": 0.9609375,
      "n": 3
    }
  }
}