{
  "problem_id": "12_quantum_optimization",
  "runs": 5,
  "timestamp": "2026-03-25T15:10:09.277260+00:00",
  "metrics": {
    "best_cost": {
      "values": [
        1.2999999999999998,
        1.2999999999999998,
        1.2999999999999998,
        1.2999999999999998,
        1.2999999999999998
      ],
      "mean": 1.2999999999999998,
      "std_dev": 0.0,
      "std_error": 0.0,
      "min": 1.2999999999999998,
      "max": 1.2999999999999998,
      "n": 5
    },
    "avg_cost": {
      "values": [
        2.056249999999999,
        2.0020833333333323,
        2.1437499999999985,
        2.014583333333332,
        2.1104166666666657
      ],
      "mean": 2.0654166666666653,
      "std_dev": 0.06091033938868205,
      "std_error": 0.02723993188113521,
      "min": 2.0020833333333323,
      "max": 2.1437499999999985,
      "n": 5
    },
    "approx_ratio": {
      "values": [
        1.0,
        1.0,
        1.0,
        1.0,
        1.0
      ],
      "mean": 1.0,
      "std_dev": 0.0,
      "std_error": 0.0,
      "min": 1.0,
      "max": 1.0,
      "n": 5
    }
  }
}