{
  "problem_id": "10_post_quantum_cryptography",
  "runs": 5,
  "timestamp": "2026-03-25T15:12:15.090346+00:00",
  "metrics": {
    "success_pct_all": {
      "values": [
        89.58333333333333,
        88.02083333333333,
        88.54166666666667,
        88.54166666666667,
        88.02083333333333
      ],
      "mean": 88.54166666666667,
      "std_dev": 0.6378879538497859,
      "std_error": 0.28527216536727396,
      "min": 88.02083333333333,
      "max": 89.58333333333333,
      "n": 5
    }
  }
}