{
  "2.0": {
    "threshold": 2.0,
    "target_precisions": [
      0.1,
      0.05,
      0.01,
      0.005,
      0.001
    ],
    "samples_needed": [
      1000,
      1000,
      1000,
      1900,
      47500
    ],
    "runtimes": [
      4.220008850097656e-05,
      3.600120544433594e-05,
      3.337860107421875e-05,
      5.817413330078125e-05,
      0.0012707710266113281
    ],
    "estimates": [
      0.242,
      0.255,
      0.236,
      0.24578947368421053,
      0.24421052631578946
    ],
    "errors": [
      0.013543854695026818,
      0.013783141876945184,
      0.013427732496590778,
      0.0098775931521337,
      0.0019712232117585987
    ]
  },
  "3.0": {
    "threshold": 3.0,
    "target_precisions": [
      0.1,
      0.05,
      0.01,
      0.005,
      0.001
    ],
    "samples_needed": [
      1000,
      1000,
      1000,
      1900,
      47500
    ],
    "runtimes": [
      4.744529724121094e-05,
      3.695487976074219e-05,
      3.409385681152344e-05,
      5.817413330078125e-05,
      0.0012624263763427734
    ],
    "estimates": [
      0.134,
      0.142,
      0.138,
      0.12789473684210526,
      0.13627368421052632
    ],
    "errors": [
      0.010772372069326236,
      0.011037934589405754,
      0.01090669519148674,
      0.007661856073405173,
      0.001574154190282355
    ]
  },
  "4.0": {
    "threshold": 4.0,
    "target_precisions": [
      0.1,
      0.05,
      0.01,
      0.005,
      0.001
    ],
    "samples_needed": [
      1000,
      1000,
      1000,
      1900,
      47500
    ],
    "runtimes": [
      4.1484832763671875e-05,
      3.4809112548828125e-05,
      3.337860107421875e-05,
      5.8650970458984375e-05,
      0.001257181167602539
    ],
    "estimates": [
      0.1,
      0.09,
      0.078,
      0.08894736842105264,
      0.08048421052631578
    ],
    "errors": [
      0.009486832980505138,
      0.009049861877399014,
      0.008480330182251162,
      0.006530726326657386,
      0.0012482113719640804
    ]
  }
}