{
  "parameters": {
    "loss_qubits": 4,
    "threshold": 2.5,
    "mean": 0.0,
    "std_dev": 1.0
  },
  "theoretical_tail_probability": 0.17975721389578536,
  "variance_reduced_mc": {
    "estimate": 0.1798056441514277,
    "standard_error": 0.000878553293804453,
    "plain_mc_estimate": 0.18024,
    "plain_mc_se": 0.0012155391495134989,
    "variance_reduction_factor": 1.3835690539042604,
    "samples": 100000,
    "runtime_seconds": 0.002006053924560547,
    "methods": {
      "antithetic": true,
      "control_variate": true
    }
  },
  "cvar_var": {
    "confidence_level": 0.95,
    "alpha": 0.050000000000000044,
    "var_estimate": 5.161822689156743,
    "var_theoretical": 5.180251602233013,
    "var_error": 0.018428913076269815,
    "cvar_estimate": 8.517162054539728,
    "cvar_theoretical": 8.55722686679671,
    "cvar_error": 0.04006481225698266,
    "bisection_steps": 20,
    "threshold_grid": [
      11.017649177945868,
      5.508824588972934,
      2.754412294486467,
      4.1316184417297,
      4.820221515351317,
      5.164523052162126,
      4.992372283756722,
      5.0784476679594235,
      5.121485360060775,
      5.143004206111451,
      5.1537636291367885,
      5.159143340649457,
      5.161833196405792,
      5.160488268527624,
      5.161160732466708,
      5.16149696443625,
      5.16166508042102,
      5.1617491384134055,
      5.161791167409598,
      5.161812181907695
    ],
    "tail_probability_curve": [
      0.00801,
      0.04375,
      0.15526,
      0.07724,
      0.05745,
      0.0499,
      0.0538,
      0.05184,
      0.05081,
      0.0503,
      0.0501,
      0.05003,
      0.05,
      0.05003,
      0.05002,
      0.05002,
      0.05001,
      0.05001,
      0.05001,
      0.05001
    ],
    "mc_samples": 100000,
    "runtime_seconds": 0.004085063934326172
  },
  "iqae": {
    "estimate": 0.16395563071452862,
    "confidence_interval": [
      0.14549949714747037,
      0.18241176428158684
    ],
    "epsilon_achieved": 0.018456133567058233,
    "total_oracle_queries": 3795,
    "total_shots": 2529,
    "converged": true,
    "runtime_seconds": 2.213040828704834,
    "qubits": 5,
    "rounds": [
      {
        "k": 0,
        "shots": 2096,
        "ones": 334,
        "measured_prob": 0.15935114503816794,
        "ci": [
          0.13138679093023223,
          0.19035825919722657
        ],
        "oracle_queries": 2096
      },
      {
        "k": 1,
        "shots": 233,
        "ones": 217,
        "measured_prob": 0.9313304721030042,
        "ci": [
          0.8506968172603369,
          0.9768919970609771
        ],
        "oracle_queries": 699
      },
      {
        "k": 2,
        "shots": 200,
        "ones": 154,
        "measured_prob": 0.77,
        "ci": [
          0.6475653198469418,
          0.8671881423287733
        ],
        "oracle_queries": 1000
      }
    ]
  },
  "generated_utc": "2026-04-02T11:51:08.502677+00:00"
}
