{
  "problem_id": "07_drug_discovery",
  "runs": 3,
  "timestamp": "2026-03-25T15:52:20.738085+00:00",
  "metrics": {
    "binding_energy": {
      "values": [
        -1.0175,
        -1.0125,
        -1.0275
      ],
      "mean": -1.0191666666666668,
      "std_dev": 0.007637626158259789,
      "std_error": 0.004409585518441016,
      "min": -1.0275,
      "max": -1.0125,
      "n": 3
    }
  }
}