{
  "problem_id": "09_factorization",
  "runs": 5,
  "timestamp": "2026-03-25T15:12:53.777062+00:00",
  "metrics": {
    "period_found": {
      "values": [
        8.0,
        8.0,
        8.0,
        8.0,
        6.666666666666667
      ],
      "mean": 7.733333333333333,
      "std_dev": 0.5962847939999438,
      "std_error": 0.2666666666666666,
      "min": 6.666666666666667,
      "max": 8.0,
      "n": 5
    }
  }
}