{
  "problem_id": "17_nuclear_physics",
  "runs": 3,
  "timestamp": "2026-03-25T15:53:13.246347+00:00",
  "metrics": {
    "nuclear_energy": {
      "values": [
        -2.115,
        -2.1,
        -2.09625
      ],
      "mean": -2.1037500000000002,
      "std_dev": 0.009921567416492338,
      "std_error": 0.005728219618694872,
      "min": -2.115,
      "max": -2.09625,
      "n": 3
    }
  }
}