{
  "problem_id": "13_climate_modeling",
  "runs": 3,
  "timestamp": "2026-03-25T15:52:48.213535+00:00",
  "metrics": {
    "hhl_success": {
      "values": [
        0.0234375,
        0.0625,
        0.015625
      ],
      "mean": 0.033854166666666664,
      "std_dev": 0.025113673856752488,
      "std_error": 0.014499386361536517,
      "min": 0.015625,
      "max": 0.0625,
      "n": 3
    }
  }
}