{
  "problem_id": "02_catalysis",
  "runs": 3,
  "timestamp": "2026-03-25T15:51:57.408069+00:00",
  "metrics": {
    "vqe_energy": {
      "values": [
        -1.3920000000000001,
        -1.3920000000000001,
        -1.3849000000000002
      ],
      "mean": -1.3896333333333335,
      "std_dev": 0.004099186911246276,
      "std_error": 0.002366666666666628,
      "min": -1.3920000000000001,
      "max": -1.3849000000000002,
      "n": 3
    }
  }
}