{
  "problem_id": "19_quantum_chromodynamics",
  "runs": 3,
  "timestamp": "2026-03-25T15:53:29.312688+00:00",
  "metrics": {
    "wilson_beta6": {
      "values": [
        0.984375,
        0.984375,
        1.0
      ],
      "mean": 0.9895833333333334,
      "std_dev": 0.009021097956087902,
      "std_error": 0.005208333333333333,
      "min": 0.984375,
      "max": 1.0,
      "n": 3
    }
  }
}