{
  "problem_id": "05_qaoa_maxcut",
  "instance_id": "small",
  "depths": [
    1,
    2,
    3
  ],
  "coarse_shots": 24,
  "refined_shots": 96,
  "trials": 6,
  "records": [
    {
      "depth": 1,
      "refined_mean": 1.4927083333333337,
      "refined_ci95": 0.10110820375093582,
      "coarse_mean": 1.7708333333333333,
      "mean_optimality_gap": 0.7072916666666664,
      "trials": 6,
      "source": "quantum_baseline_small_d1.json"
    },
    {
      "depth": 2,
      "refined_mean": 1.8402777777777786,
      "refined_ci95": 0.05168997532774366,
      "coarse_mean": 1.9416666666666667,
      "mean_optimality_gap": 0.3597222222222216,
      "trials": 6,
      "source": "quantum_baseline_small_d2.json"
    },
    {
      "depth": 3,
      "refined_mean": 1.9246527777777775,
      "refined_ci95": 0.022025200388656904,
      "coarse_mean": 2.0277777777777772,
      "mean_optimality_gap": 0.27534722222222263,
      "trials": 6,
      "source": "quantum_baseline_small_d3.json"
    }
  ]
}
