{
  "problem_id": "05_qaoa_maxcut",
  "instance_id": "medium",
  "depths": [
    1,
    2
  ],
  "coarse_shots": 24,
  "refined_shots": 96,
  "trials": 6,
  "records": [
    {
      "depth": 1,
      "refined_mean": 2.797743055555556,
      "refined_ci95": 0.1466928777938709,
      "coarse_mean": 3.1666666666666665,
      "mean_optimality_gap": 1.2022569444444442,
      "trials": 6,
      "source": "quantum_baseline_medium_d1.json"
    },
    {
      "depth": 2,
      "refined_mean": 2.831597222222222,
      "refined_ci95": 0.20046953468400064,
      "coarse_mean": 3.295138888888889,
      "mean_optimality_gap": 1.1684027777777781,
      "trials": 6,
      "source": "quantum_baseline_medium_d2.json"
    }
  ]
}
