{
  "problem_id": "05_qaoa_maxcut",
  "instance_id": "large",
  "depth": 2,
  "coarse_shots": 24,
  "refined_shots": 96,
  "trials": 4,
  "classical_optimum": {
    "value": 7.300000000000001,
    "assignment": [
      1,
      0,
      1,
      0,
      1,
      0
    ]
  },
  "aggregate": {
    "coarse_expectation": {
      "mean": 4.857291666666667,
      "std": 0.2973722687200396,
      "ci95": 0.2914248233456388
    },
    "refined_expectation": {
      "mean": 4.103385416666667,
      "std": 0.33153636185239693,
      "ci95": 0.324905634615349
    },
    "refined_best_sample": {
      "mean": 7.300000000000001,
      "std": 0,
      "ci95": 0
    },
    "mean_optimality_gap": 3.196614583333334
  },
  "best_trial": {
    "Trial": 4,
    "BestBetas": [
      0.5,
      0.7
    ],
    "BestGammas": [
      0.9,
      0.7
    ],
    "BestBeta": 0.5,
    "BestGamma": 0.9,
    "CoarseExpectation": 4.8,
    "RefinedExpectation": 4.482291666666664,
    "RefinedBestSample": 7.300000000000001,
    "RefinedAssignment": [
      0,
      1,
      0,
      1,
      0,
      1
    ]
  },
  "trial_results": [
    {
      "Trial": 1,
      "BestBetas": [
        0.5,
        0.1
      ],
      "BestGammas": [
        0.9,
        0.5
      ],
      "BestBeta": 0.5,
      "BestGamma": 0.9,
      "CoarseExpectation": 5.2749999999999995,
      "RefinedExpectation": 4.270833333333335,
      "RefinedBestSample": 7.300000000000001,
      "RefinedAssignment": [
        0,
        1,
        0,
        1,
        0,
        1
      ]
    },
    {
      "Trial": 2,
      "BestBetas": [
        0.5,
        0.1
      ],
      "BestGammas": [
        0.9,
        0.9
      ],
      "BestBeta": 0.5,
      "BestGamma": 0.9,
      "CoarseExpectation": 4.783333333333334,
      "RefinedExpectation": 3.896875,
      "RefinedBestSample": 7.300000000000001,
      "RefinedAssignment": [
        0,
        1,
        0,
        1,
        0,
        1
      ]
    },
    {
      "Trial": 3,
      "BestBetas": [
        0.5,
        0.5
      ],
      "BestGammas": [
        0.3,
        0.1
      ],
      "BestBeta": 0.5,
      "BestGamma": 0.3,
      "CoarseExpectation": 4.570833333333334,
      "RefinedExpectation": 3.7635416666666672,
      "RefinedBestSample": 7.300000000000001,
      "RefinedAssignment": [
        0,
        1,
        0,
        1,
        0,
        1
      ]
    },
    {
      "Trial": 4,
      "BestBetas": [
        0.5,
        0.7
      ],
      "BestGammas": [
        0.9,
        0.7
      ],
      "BestBeta": 0.5,
      "BestGamma": 0.9,
      "CoarseExpectation": 4.8,
      "RefinedExpectation": 4.482291666666664,
      "RefinedBestSample": 7.300000000000001,
      "RefinedAssignment": [
        0,
        1,
        0,
        1,
        0,
        1
      ]
    }
  ]
}
