{
  "problem_id": "05_qaoa_maxcut",
  "instance_id": "small",
  "depth": 1,
  "coarse_shots": 24,
  "refined_shots": 96,
  "trials": 6,
  "classical_optimum": {
    "value": 2.2,
    "assignment": [
      0,
      1,
      0
    ]
  },
  "aggregate": {
    "coarse_expectation": {
      "mean": 1.7708333333333333,
      "std": 0.06163287362366875,
      "ci95": 0.04931656997474664
    },
    "refined_expectation": {
      "mean": 1.4927083333333337,
      "std": 0.12635893265262702,
      "ci95": 0.10110820375093582
    },
    "refined_best_sample": {
      "mean": 2.1999999999999997,
      "std": 4.864753555590494E-16,
      "ci95": 3.892613552291724E-16
    },
    "mean_optimality_gap": 0.7072916666666664
  },
  "best_trial": {
    "Trial": 2,
    "BestBetas": [
      0.9
    ],
    "BestGammas": [
      0.1
    ],
    "BestBeta": 0.9,
    "BestGamma": 0.1,
    "CoarseExpectation": 1.7333333333333332,
    "RefinedExpectation": 1.6312500000000005,
    "RefinedBestSample": 2.2,
    "RefinedAssignment": [
      0,
      1,
      0
    ]
  },
  "trial_results": [
    {
      "Trial": 1,
      "BestBetas": [
        0.9
      ],
      "BestGammas": [
        0.1
      ],
      "BestBeta": 0.9,
      "BestGamma": 0.1,
      "CoarseExpectation": 1.7916666666666667,
      "RefinedExpectation": 1.5395833333333335,
      "RefinedBestSample": 2.2,
      "RefinedAssignment": [
        1,
        0,
        1
      ]
    },
    {
      "Trial": 2,
      "BestBetas": [
        0.9
      ],
      "BestGammas": [
        0.1
      ],
      "BestBeta": 0.9,
      "BestGamma": 0.1,
      "CoarseExpectation": 1.7333333333333332,
      "RefinedExpectation": 1.6312500000000005,
      "RefinedBestSample": 2.2,
      "RefinedAssignment": [
        0,
        1,
        0
      ]
    },
    {
      "Trial": 3,
      "BestBetas": [
        0.9
      ],
      "BestGammas": [
        0.1
      ],
      "BestBeta": 0.9,
      "BestGamma": 0.1,
      "CoarseExpectation": 1.8833333333333335,
      "RefinedExpectation": 1.6187500000000001,
      "RefinedBestSample": 2.2,
      "RefinedAssignment": [
        0,
        1,
        0
      ]
    },
    {
      "Trial": 4,
      "BestBetas": [
        0.1
      ],
      "BestGammas": [
        0.1
      ],
      "BestBeta": 0.1,
      "BestGamma": 0.1,
      "CoarseExpectation": 1.7500000000000007,
      "RefinedExpectation": 1.3125,
      "RefinedBestSample": 2.2,
      "RefinedAssignment": [
        1,
        0,
        1
      ]
    },
    {
      "Trial": 5,
      "BestBetas": [
        0.9
      ],
      "BestGammas": [
        0.1
      ],
      "BestBeta": 0.9,
      "BestGamma": 0.1,
      "CoarseExpectation": 1.7583333333333335,
      "RefinedExpectation": 1.4541666666666666,
      "RefinedBestSample": 2.2,
      "RefinedAssignment": [
        1,
        0,
        1
      ]
    },
    {
      "Trial": 6,
      "BestBetas": [
        0.1
      ],
      "BestGammas": [
        0.1
      ],
      "BestBeta": 0.1,
      "BestGamma": 0.1,
      "CoarseExpectation": 1.708333333333333,
      "RefinedExpectation": 1.4000000000000006,
      "RefinedBestSample": 2.2,
      "RefinedAssignment": [
        0,
        1,
        0
      ]
    }
  ]
}
