{
  "problem_id": "05_qaoa_maxcut",
  "instance_id": "large",
  "depth": 2,
  "coarse_shots": 24,
  "refined_shots": 96,
  "trials": 6,
  "classical_optimum": {
    "value": 7.300000000000001,
    "assignment": [
      1,
      0,
      1,
      0,
      1,
      0
    ]
  },
  "aggregate": {
    "coarse_expectation": {
      "mean": 4.879166666666666,
      "std": 0.23900836805434197,
      "ci95": 0.19124652502289605
    },
    "refined_expectation": {
      "mean": 4.1578125,
      "std": 0.2837387953612537,
      "ci95": 0.22703832116323505
    },
    "refined_best_sample": {
      "mean": 7.3,
      "std": 9.729507111180987E-16,
      "ci95": 7.785227104583448E-16
    },
    "mean_optimality_gap": 3.1421875000000004
  },
  "best_trial": {
    "Trial": 4,
    "BestBetas": [
      0.5,
      0.7
    ],
    "BestGammas": [
      0.9,
      0.7
    ],
    "BestBeta": 0.5,
    "BestGamma": 0.9,
    "CoarseExpectation": 4.8,
    "RefinedExpectation": 4.482291666666664,
    "RefinedBestSample": 7.300000000000001,
    "RefinedAssignment": [
      0,
      1,
      0,
      1,
      0,
      1
    ]
  },
  "trial_results": [
    {
      "Trial": 1,
      "BestBetas": [
        0.5,
        0.1
      ],
      "BestGammas": [
        0.9,
        0.5
      ],
      "BestBeta": 0.5,
      "BestGamma": 0.9,
      "CoarseExpectation": 5.2749999999999995,
      "RefinedExpectation": 4.270833333333335,
      "RefinedBestSample": 7.300000000000001,
      "RefinedAssignment": [
        0,
        1,
        0,
        1,
        0,
        1
      ]
    },
    {
      "Trial": 2,
      "BestBetas": [
        0.5,
        0.1
      ],
      "BestGammas": [
        0.9,
        0.9
      ],
      "BestBeta": 0.5,
      "BestGamma": 0.9,
      "CoarseExpectation": 4.783333333333334,
      "RefinedExpectation": 3.896875,
      "RefinedBestSample": 7.300000000000001,
      "RefinedAssignment": [
        0,
        1,
        0,
        1,
        0,
        1
      ]
    },
    {
      "Trial": 3,
      "BestBetas": [
        0.5,
        0.5
      ],
      "BestGammas": [
        0.3,
        0.1
      ],
      "BestBeta": 0.5,
      "BestGamma": 0.3,
      "CoarseExpectation": 4.570833333333334,
      "RefinedExpectation": 3.7635416666666672,
      "RefinedBestSample": 7.300000000000001,
      "RefinedAssignment": [
        0,
        1,
        0,
        1,
        0,
        1
      ]
    },
    {
      "Trial": 4,
      "BestBetas": [
        0.5,
        0.7
      ],
      "BestGammas": [
        0.9,
        0.7
      ],
      "BestBeta": 0.5,
      "BestGamma": 0.9,
      "CoarseExpectation": 4.8,
      "RefinedExpectation": 4.482291666666664,
      "RefinedBestSample": 7.300000000000001,
      "RefinedAssignment": [
        0,
        1,
        0,
        1,
        0,
        1
      ]
    },
    {
      "Trial": 5,
      "BestBetas": [
        0.7,
        0.5
      ],
      "BestGammas": [
        0.9,
        0.7
      ],
      "BestBeta": 0.7,
      "BestGamma": 0.9,
      "CoarseExpectation": 5.008333333333333,
      "RefinedExpectation": 4.403125000000002,
      "RefinedBestSample": 7.300000000000001,
      "RefinedAssignment": [
        0,
        1,
        0,
        1,
        0,
        1
      ]
    },
    {
      "Trial": 6,
      "BestBetas": [
        0.7,
        0.5
      ],
      "BestGammas": [
        0.9,
        0.7
      ],
      "BestBeta": 0.7,
      "BestGamma": 0.9,
      "CoarseExpectation": 4.8375,
      "RefinedExpectation": 4.130208333333333,
      "RefinedBestSample": 7.300000000000001,
      "RefinedAssignment": [
        1,
        0,
        1,
        0,
        1,
        0
      ]
    }
  ]
}
