{
  "problem_id": "14_materials_discovery",
  "runs": 3,
  "timestamp": "2026-03-25T15:53:04.360327+00:00",
  "metrics": {
    "valence_energy": {
      "values": [
        -1.5284722222222222,
        -1.5520833333333335,
        -1.4805555555555556
      ],
      "mean": -1.5203703703703704,
      "std_dev": 0.036445654761971404,
      "std_error": 0.021041908587616356,
      "min": -1.5520833333333335,
      "max": -1.4805555555555556,
      "n": 3
    }
  }
}