{
  "2.0": {
    "threshold": 2.0,
    "target_precisions": [
      0.1,
      0.05,
      0.01,
      0.005,
      0.001
    ],
    "samples_needed": [
      1000,
      1000,
      1000,
      1900,
      47500
    ],
    "runtimes": [
      5.602836608886719e-05,
      3.910064697265625e-05,
      3.4332275390625e-05,
      6.031990051269531e-05,
      0.0012798309326171875
    ],
    "estimates": [
      0.242,
      0.255,
      0.236,
      0.24578947368421053,
      0.24421052631578946
    ],
    "errors": [
      0.013543854695026818,
      0.013783141876945184,
      0.013427732496590778,
      0.0098775931521337,
      0.0019712232117585987
    ]
  },
  "3.0": {
    "threshold": 3.0,
    "target_precisions": [
      0.1,
      0.05,
      0.01,
      0.005,
      0.001
    ],
    "samples_needed": [
      1000,
      1000,
      1000,
      1900,
      47500
    ],
    "runtimes": [
      6.175041198730469e-05,
      5.555152893066406e-05,
      3.528594970703125e-05,
      5.91278076171875e-05,
      0.0012927055358886719
    ],
    "estimates": [
      0.134,
      0.142,
      0.138,
      0.12789473684210526,
      0.13627368421052632
    ],
    "errors": [
      0.010772372069326236,
      0.011037934589405754,
      0.01090669519148674,
      0.007661856073405173,
      0.001574154190282355
    ]
  },
  "4.0": {
    "threshold": 4.0,
    "target_precisions": [
      0.1,
      0.05,
      0.01,
      0.005,
      0.001
    ],
    "samples_needed": [
      1000,
      1000,
      1000,
      1900,
      47500
    ],
    "runtimes": [
      4.696846008300781e-05,
      3.62396240234375e-05,
      3.457069396972656e-05,
      5.936622619628906e-05,
      0.001285552978515625
    ],
    "estimates": [
      0.1,
      0.09,
      0.078,
      0.08894736842105264,
      0.08048421052631578
    ],
    "errors": [
      0.009486832980505138,
      0.009049861877399014,
      0.008480330182251162,
      0.006530726326657386,
      0.0012482113719640804
    ]
  }
}