{
  "2.0": {
    "threshold": 2.0,
    "target_precisions": [
      0.1,
      0.05,
      0.01,
      0.005,
      0.001
    ],
    "samples_needed": [
      1000,
      1000,
      1000,
      1900,
      47500
    ],
    "runtimes": [
      4.6253204345703125e-05,
      3.790855407714844e-05,
      3.4809112548828125e-05,
      6.508827209472656e-05,
      0.001283407211303711
    ],
    "estimates": [
      0.242,
      0.255,
      0.236,
      0.24578947368421053,
      0.24421052631578946
    ],
    "errors": [
      0.013543854695026818,
      0.013783141876945184,
      0.013427732496590778,
      0.0098775931521337,
      0.0019712232117585987
    ]
  },
  "3.0": {
    "threshold": 3.0,
    "target_precisions": [
      0.1,
      0.05,
      0.01,
      0.005,
      0.001
    ],
    "samples_needed": [
      1000,
      1000,
      1000,
      1900,
      47500
    ],
    "runtimes": [
      4.696846008300781e-05,
      3.695487976074219e-05,
      3.4809112548828125e-05,
      5.888938903808594e-05,
      0.001283884048461914
    ],
    "estimates": [
      0.134,
      0.142,
      0.138,
      0.12789473684210526,
      0.13627368421052632
    ],
    "errors": [
      0.010772372069326236,
      0.011037934589405754,
      0.01090669519148674,
      0.007661856073405173,
      0.001574154190282355
    ]
  },
  "4.0": {
    "threshold": 4.0,
    "target_precisions": [
      0.1,
      0.05,
      0.01,
      0.005,
      0.001
    ],
    "samples_needed": [
      1000,
      1000,
      1000,
      1900,
      47500
    ],
    "runtimes": [
      5.555152893066406e-05,
      3.7670135498046875e-05,
      3.504753112792969e-05,
      7.700920104980469e-05,
      0.0012960433959960938
    ],
    "estimates": [
      0.1,
      0.09,
      0.078,
      0.08894736842105264,
      0.08048421052631578
    ],
    "errors": [
      0.009486832980505138,
      0.009049861877399014,
      0.008480330182251162,
      0.006530726326657386,
      0.0012482113719640804
    ]
  }
}