{
  "timestamp": "2026-02-25T14:10:39.988047Z",
  "algorithm": "QPEAmplitudeEstimation",
  "estimator_target": "TailRisk > 2.5",
  "instance": {
    "parameters": {
      "shots": 24,
      "phase_bits": 4,
      "repetitions": 24,
      "threshold": 2.5,
      "loss_qubits": 4,
      "mean": 0.0,
      "std_dev": 1.0,
      "run_sanity_check": false
    }
  },
  "metrics": {
    "logical_qubits": 9,
    "physical_qubits": 9,
    "t_count": 384,
    "runtime_days": 0,
    "phase_bits": 4,
    "repetitions": 24,
    "quantum_estimate": 0.3333333333333333,
    "quantum_std_error": 0.09622504486493763,
    "analytic_probability": 0.18977381200856933,
    "classical_estimate": 0.18977381200856933,
    "classical_std_error": 0.0039212206299098435,
    "difference": 0.143559521324764,
    "circular_phase": 1.9490859162596877e-17,
    "circular_amplitude": 3.749399456654644e-33
  },
  "raw_output": "=== Quantum Amplitude Estimation for Tail Risk Analysis ===\n\nRisk Model Configuration:\n  Loss distribution qubits: 4 (2^4 = 16 discrete levels)\n  Loss threshold: 2.5\n  Distribution: Log-normal(\u03bc=0, \u03c3=1)\n  Theoretical tail probability P(Loss > 2.5): 0.18977381200856933\n\nQAE Algorithm Parameters:\n  Precision qubits: 4 (phase resolution: \u03c0/16)\n  Repetitions: 24\n  Total qubits: 9 (loss + precision + marker)\n\n=== Canonical QAE Results (precision=4 bits, runs=24) ===\nPhase measurement histogram (top 10):\n  Phase 0/16 (\u03b8=0, P\u22480): 16 times\n  Phase 8/16 (\u03b8=1.5707963267948966, P\u22481): 8 times\nMost frequent outcome: phase=0/16, \u03b8=0, P\u22480\nMean amplitude estimate: 0.3333333333333333 \u00b1 0.09622504486493763\nTheoretical tail probability: 0.18977381200856933\nRelative error: 75.64769859725507%\n\n=== Classical Baseline Comparison ===\nMonte Carlo (10000 samples): 0.18977381200856933 \u00b1 0.0039212206299098435\n  Relative error vs theoretical: 0%\n\n=== Quantum Advantage Analysis ===\nQAE precision: \u03b5 \u2248 0.09622504486493763\nMC precision: \u03b5 \u2248 0.0039212206299098435\nPrecision improvement factor: 0x\nQuery complexity: QAE uses O(1/\u03b5) = O(10.392304845413264) oracle calls\n                  MC uses O(1/\u03b5\u00b2) = O(10000) samples\n\n=== Summary ===\nTheoretical:     P = 0.18977381200856933\nQAE estimate:    P = 0.3333333333333333 \u00b1 0.09622504486493763\nMC estimate:     P = 0.18977381200856933 \u00b1 0.0039212206299098435\nQAE demonstrates quadratic speedup: O(1/\u03b5) vs O(1/\u03b5\u00b2) for precision \u03b5",
  "histogram_counts": {
    "0": 16,
    "8": 8
  }
}